X,Y,label
0.7422068771217999,0.24668575976368556,1
-0.7340323001248724,0.1686916396209735,1
-0.829858715174144,0.2219589907715641,1
-0.4291355926691528,0.672230188521101,1
0.4456022308704517,-0.8949355556090886,0
-0.4698854865033302,0.7080374504630551,1
-0.016045377874962068,0.805623308373702,1
0.759622952730082,0.159526158078939,1
-0.17569190994404266,-0.7998368929607147,1
-0.11061613303644917,1.042207472050681,0
-0.6866525474940193,-0.5368837234165726,1
0.5640625374883906,0.8637200976002544,0
-0.12273836260143602,0.857421762215436,1
0.7205717776900898,-0.37777213099968343,1
0.6218081938010117,-0.6042972239513528,1
0.15862066842445138,-0.7630889648651179,1
-0.9417354191897599,-0.32696930389742757,0
0.12490991287173231,-0.7911797912905706,1
-0.8366099376532202,-0.09588516948649568,1
-0.6387962425634154,-0.7339956772879658,0
0.6093310648865121,0.4420395190794365,1
-0.5521037976054626,0.87870560347877,0
-0.001948217781789767,-0.9946342130483776,0
0.7300226775182341,0.2864466635523546,1
-0.9308762019085371,0.4409036021386705,0
-0.9067986851057075,0.20748303858807068,0
0.2796652448883871,0.9963214789759064,0
0.8520002158158441,-0.1622503250925028,1
0.24488523849591556,-0.7820247173816418,1
0.6772232616450635,-0.4456098180962611,1
-0.2871167126486955,-0.8838987949641703,0
-0.2566339629467021,0.9986125505751153,0
-0.012723815598536928,0.7733438465362432,1
1.0084507543828594,0.029212230034143125,0
-0.1073326866518671,-1.1142627115008916,0
-0.7849638565575638,0.7401088768645327,0
-0.5722622868225868,0.5715743135149414,1
0.48329005416543724,0.72566073468871,1
0.26759793969491447,-0.7355728107301219,1
0.7500253139868562,0.6183450867131892,0
-0.6239478743781727,-0.7362544935896009,0
0.3656060463085086,0.9393337145855969,0
-0.7160470604120956,-0.6635963064180268,0
0.88461319908267,-0.23055725449037753,1
-0.8457435920329115,-0.5842427463168449,0
-0.8894407125326017,-0.3619595745936366,0
0.5046704871893273,-0.7691082692726539,1
0.22613928668930855,0.7952986364713479,1
0.7838153022166929,-0.7345770166649243,0
-0.4428021393787203,-0.7235459172954266,1
0.45366824141160744,0.608958760884155,1
0.03986278181225398,-0.8649468175449113,1
-0.9502394701911079,-0.14565098535286078,0
0.4995234866408179,0.5722314573418456,1
0.9076621804901063,0.3108527279023823,0
0.8898209573469881,0.3598977697821932,0
0.08032432775883067,0.8038736126327086,1
0.9582363906777925,0.13279756173792814,0
-0.973456127718336,0.39012590215058957,0
-0.5156813927731028,-0.6086587630408555,1
-0.709031698057625,-0.60174956946427,0
0.8478914150190378,0.4947237934382319,0
0.5872199010083211,0.3408665574242301,1
-0.9290601729332725,0.5029124314552341,0
0.223165318240341,0.7595642476480009,1
-0.6042468146774688,0.5591977319939845,1
-0.3170453789909886,0.6487461885155232,1
-0.10837965646043574,-0.7983685395616572,1
0.6616897895767124,0.7318798856621157,0
0.6815602661752383,0.413050808751563,1
0.1890472557764047,0.9381111152891828,0
1.0010708980250393,-0.09436845385010369,0
0.36564730922308974,0.6711987059405659,1
-0.812423124809946,0.07882430532110554,1
-0.8232302217866552,-0.550643890364156,0
-0.8705586261771989,-0.45806615678843826,0
-0.18393577348439077,0.7040379604989785,1
0.8494295605290786,0.42383614805416653,0
0.2662036547173263,0.8077585479662328,1
-0.8163264422835599,-0.6974010262056988,0
-0.4363647636184523,0.535114488906708,1
0.7131503865853935,0.666861900091085,0
-0.8887217794686743,-0.4175108787269902,0
0.5783383966217185,0.7186950336762367,0
-0.6079946212443197,-0.7557992932679324,0
0.6420403244584134,0.5211173696746412,1
0.9075093283482937,0.013508787866018973,1
-0.7506669264081611,0.3287854616202827,1
-0.8638539471003377,-0.02511127502324518,1
-0.6487485984255728,-0.7959394148629524,0
0.1881298988327405,-0.9602540301535201,0
0.7928818647074372,-0.5512258327906783,0
0.8506488095271626,0.29688628017691715,1
-0.9704197419440389,0.41688848631631853,0
-0.722978213824521,-0.31837691047634165,1
0.7128340035036436,-0.8387950953621293,0
-0.8050521219382063,-0.1300905290354063,1
0.37666496773208996,0.9228925246445631,0
0.6264492077124977,0.6716137248384326,0
-0.3949925667528074,-0.6972602900169607,1
-0.6993864285879129,0.24382177889919276,1
-0.19297584873877788,-0.9700922266710058,0
0.55968868499763,-0.5672953800828772,1
-0.966780557044046,-0.15128580467724165,0
-0.10053341039327666,0.7607533197625144,1
-0.27367705892289323,0.8266614963381747,1
0.6051611920736392,0.5142791103131865,1
0.7051392746720235,-0.41092448685743904,1
-0.41568816609996745,0.8551634235622018,0
0.3250009454247752,-0.7111578017634342,1
0.7759739671287048,0.30234409400814116,1
-0.540733284918772,-0.5887181935510301,1
0.697686454139399,-0.09269829153775885,1
-0.6062336409536897,-0.6013227548369731,1
0.5239323660666675,0.8882715098793068,0
0.6974206816386354,-0.7233182827506068,0
-0.6110193774507944,0.7906236099038595,0
0.7469349218420467,-0.18671446672418687,1
0.6517571834631092,0.3286052194277381,1
-0.8100702450627648,-0.5184822472489958,0
0.1919376745134979,-0.7924781176528444,1
0.64423872416923,-0.8130377830603972,0
-0.7383456484412136,0.40303244350047857,1
-1.0623726974327008,-0.10028156638843704,0
-1.038810187919225,0.2265335066567916,0
0.5769591312241993,0.5470154825378041,1
0.4235270811408149,0.5946545039385605,1
0.7379840006979466,-0.5852466942843619,0
-0.03690112067242761,-0.7818092033152794,1
-0.714686774071234,-0.44095302879104975,1
0.29242486735603984,0.7600295046519828,1
-0.19559634031619497,-0.7918502335023015,1
-1.0077801296036875,-0.3116118935400155,0
0.8444127582500005,-0.0345393174499439,1
0.6633721377086281,0.19719955297089325,1
0.7268817114072386,0.6771068868477075,0
0.047772495124881874,0.9577873825952553,0
-0.9551328471201944,0.37323369367366316,0
0.8543726012397755,0.24864720279262867,0
0.564330709106476,0.8204195939594763,0
0.842708329137361,0.4838953878104227,0
-0.8838033348702798,0.004495336992601247,0
-0.6891080082461079,0.3661849308599864,1
-1.0035752237173252,-0.37608094731812275,0
0.15353992621409374,-0.8095677180572285,1
0.40433198657261177,-0.7369765059691267,1
-0.6079733542534528,-0.5560434295242157,1
-1.0158288636794424,0.016648295177326335,0
-0.4544923652298935,-0.5766041987839153,1
-0.6105104318139394,-0.7972899341181369,0
-0.21467714557599407,0.7444404950829394,1
-0.2850376174620273,0.9621330876992498,0
0.7248119272847338,-0.2197805186041239,1
0.6095646100357326,-0.7492722827592088,0
0.6171854490260061,-0.4860857638015462,1
0.8456086258804348,-0.4543430956895812,0
-0.8249404666060502,-0.7381998231424666,0
-0.5848257038813363,0.44675350090200117,1
0.6869231875190188,0.6841332022011862,0
0.12502315944111225,-0.8479303882077115,1
0.12045920070973812,0.7003100266034257,1
-0.721533094956913,-0.15244893538679996,1
-0.1714395250722673,0.7073008286906797,1
-0.3291834088831609,0.7839726406684999,1
-0.08826544996719068,-0.7784140450327194,1
-0.3649017948926768,0.7071055711505349,1
-0.8032517179714084,-0.5315185984366995,0
-0.5511263883009742,0.5977949412361143,1
-0.6432272645738758,-0.6437245848258611,0
-0.7614281936665955,-0.6605190005581514,0
-0.1935392274051408,-1.0262422838931688,0
0.9309046227792556,-0.2360937304118205,0
0.20829394232502454,1.0023078521906106,0
0.7810834581788545,-0.11006149498878963,1
1.025451969323008,-0.2494927119577413,0
-0.1489934841993275,-0.9841539373315745,0
-0.961071743152135,-0.11775673877691067,0
-0.9188546232441378,-0.10217486365205614,0
-0.6218632915835214,-0.5064132260222958,1
-0.45944312041584223,0.6375900214324235,1
1.0576079974659371,-0.1474015179311135,0
-0.4198841444886718,0.6958879578204835,1
0.015811475725182923,-1.0199174804486522,0
0.7395307800473602,0.265486851314159,1
-0.38499758719677757,-0.6955704406574397,1
-0.17423218250554967,0.9950418796062531,0
-0.23033477382545106,-0.994873430494279,0
-0.13188515391425354,-1.093876713345753,0
0.6333590967059992,-0.47880604393129317,1
-0.8849865129599906,-0.010271811928131182,1
0.5736988500062278,-0.4952312542300544,1
-0.40468366065136707,-0.6206569870708823,1
-0.24773061694609858,0.8055889567021772,1
-0.812687623793655,0.5405570516208468,0
-0.8995709391666622,0.4800465912052111,0
0.3415434466676196,-0.8322343249485056,0
-0.46954510684348966,-0.8678550146152185,0
-0.8994670137133973,0.4701671475801288,0
0.12389078198661342,0.7794512656538136,1
0.6044007542523192,0.8134471077806812,0
0.9596040329871866,0.35496563450450724,0
0.7373451098426692,0.329120611472239,1
-0.5810248171581505,0.5460661958134555,1
0.6263975558799902,0.5556443209598405,1
-0.4237815846094186,-0.6896706930025138,1
0.3475895913449773,0.7720333823162645,1
-0.5332895492417916,0.8738183545614092,0
0.4303005239421906,-0.7238913007998373,1
0.9301131685921039,-0.07859541295113961,0
-0.5153656068444004,-0.6419680394661996,1
0.6049768735538742,0.7572036805482193,0
-0.23144023227907495,1.0296426642183147,0
0.45638325984415945,-0.6484830478191824,1
-0.46246690323625106,-0.6932340626077556,1
-0.17088566903410937,0.7190278798102369,1
-0.47399855383801226,-0.9056759290978618,0
-0.35795657617760807,0.7297765893445545,1
-1.0011298930587227,-0.01598419609862627,0
0.29993283833906415,-0.7563499529913522,1
-0.5710374196624954,0.4017684068363678,1
-0.7442688038425918,-0.5483427352274213,0
-0.8276999753061066,0.16165099606992253,1
0.7473859064520534,-0.2515205177741263,1
0.8073886523613096,0.5409788491407568,0
0.2184437192817494,-0.8254369499374241,1
1.049128326148751,0.05629558577606767,0
0.6561224446175526,0.3978905379003436,1
-0.2952414662575349,-0.9909837820754627,0
0.37572850917734435,-0.7295668675307012,1
0.7391873588222808,0.3837648673386106,1
-0.40875225922530456,-0.8706267077452193,0
0.8034537885192644,-0.012754170872404588,1
0.9617340765862575,-0.170635085687165,0
0.4902953831852179,0.7563389467088124,1
0.896765091779806,0.4131339055181999,0
0.8734983944909501,0.35331418364449013,0
-0.9406974055222787,0.2929652189006996,0
0.8633236569070473,-0.36353801820318665,1
-0.792601815806462,0.7036781554531137,0
-0.5600145626608263,-0.8357095477914983,0
0.974176686830883,0.0482699311889542,0
-0.7829757349339083,0.5408576752802344,0
0.8342954218397954,0.1836763746111783,1
-0.7462879769892019,-0.5071382000395928,1
-0.8405328540812215,-0.5469691064429376,0
0.19444038424254068,1.068896513032579,0
0.5557763757215908,-0.7991516640032154,0
0.607293861215055,0.8324963278497617,0
0.5193703361889646,0.8074933429798629,0
-0.8305650769224245,-0.3982649618630686,0
0.5345208090560801,0.8232461421395619,0
0.811079054796304,-0.10485960684845941,1
-0.7883575416498507,-0.37908428831834046,1
0.1813626777078535,-0.7241853108379832,1
0.1732979403542665,-0.9467617975746406,0
-0.6657087000998908,-0.7780292315380583,0
0.7960193891106044,0.18485695876247019,1
0.43454652947918726,-0.7584353066906057,1
0.5008865157046356,-0.6998806626663571,1
0.9202317959037768,0.049170721004322925,0
-0.8820632624657385,0.2019078922312898,1
0.8918645303370084,-0.3640949454962704,0
0.3770891336998668,0.8691340407944735,0
-1.0217744269401412,-0.17367675948769679,0
-0.18191681045012978,-0.913401827042233,0
-0.009555492975327158,-0.8013830178269333,1
-0.6406932969901835,-0.3888782341042154,1
0.0476250964325163,-0.9790404190812654,0
-0.07660548340632886,0.7701797144852198,1
0.07774606144222335,-1.0315360728275935,0
0.9855689026759904,-0.17708097679091042,0
0.07835147719162412,1.0185531238239656,0
0.21777541868961803,-0.7603806254095773,1
-0.9930328703189368,0.02262674459106686,0
0.7601384391486399,0.2823087270693712,1
0.8885653674474125,0.25974402723187034,0
-0.8220189897688992,0.6478608624584045,0
0.1714381529035677,0.8018355452443339,1
0.5390030875910421,0.8184588049274374,0
-0.6785385708262184,-0.3305231925510264,1
0.39502468540004043,0.6646511687910339,1
-0.6660211011352292,-0.3453301298314452,1
-0.9423131492409447,0.15317132845719061,0
-0.8987527214243533,-0.4783787473079649,0
-0.8724129269263343,0.49316535391131966,0
-0.7860259635056173,0.35574554661804847,1
-0.25418963542913975,-0.8982987597701533,0
0.7629855687500329,-0.5830735670737096,0
-0.9082646603534751,0.27240026029675357,0
0.6642435964549509,-0.3984691243744761,1
0.6509899906482822,-0.48437555754884254,1
-0.7542617017747366,-0.48380159002442635,1
0.8522828417455536,0.03855034717375121,1
0.9354785652556249,-0.4053459200401877,0
-0.09814933877611469,-0.9997559404556243,0
0.9262568453053354,-0.44280738349365667,0
0.48373655557113215,-0.6653619377165322,1
0.573601438140342,-0.7086603413621367,0
0.9184972557523706,0.07267439727188328,0
-0.43278181886698586,0.8997277877380833,0
0.7046316933532215,0.3591760795783829,1
0.783451870672235,-0.60784819988621,0
0.8620720863837803,-0.25842037746693686,0
0.5598327226018094,-0.7742900478950434,0
-0.7736992998807624,-0.2767111083019043,1
0.5834163766441041,-0.554963779059132,1
-0.420458107069145,-0.9613872483641724,0
0.5784891131588923,0.6893289705428343,1
0.5742649002726573,-0.5612370605118178,1
0.5201752095473532,0.6163571428243891,1
0.2943784420282171,0.7677154292895905,1
0.7421368623651653,0.24698223299265565,1
0.3766110731559488,0.6315819666711283,1
-0.6374762883582064,0.3806792964022502,1
0.6983852405935926,-0.5880883644021648,0
0.9063217773252917,-0.5182214570293115,0
-0.9921938498471715,0.1936113497375706,0
-0.29173266763785166,-0.9664829829222115,0
-0.8180821177845571,0.24591341352598692,1
-0.7958051237720208,0.4706939964944022,0
0.5544181570842113,0.7906666376004506,0
-0.21514852731695744,0.9547645806768751,0
-0.8229385614075438,-0.6047458780120247,0
-0.006554079473617209,0.8063923485447166,1
-0.6940847589307619,-0.24705705799104627,1
0.7835300296643645,0.08032105523869068,1
-0.37792458065736495,-0.9800599685841096,0
1.0397582371418745,-0.20242651555379265,0
-0.7195991423232343,0.41413194508606327,1
-0.06300345363823594,0.9599094330379959,0
-0.624331638449366,0.4174780856160741,1
-0.6293303725529741,-0.7350630048760932,0
-0.7390132130378044,0.23661345669423325,1
0.070939326912938,0.7370985180804582,1
1.0262181373626456,-0.03674552072388997,0
-0.6930381901934236,-0.7148362256709152,0
-0.6195663635544464,0.5013095320839888,1
0.5876293213553342,0.4588880544087735,1
0.04282253403322875,-0.8836971250505685,1
0.7519046525954387,0.3129947435987528,1
0.9792488797363652,-0.32363446373629995,0
0.28463093730257893,-1.0299842637155634,0
-0.5080564188150829,0.8857983560199804,0
0.015134267449799356,0.9732925825155951,0
0.15534670235043746,-0.9434644597894227,0
0.48078783083716253,-0.8798928567400418,0
0.6058641149401324,0.47646747687083596,1
0.23776231617918134,-0.7493141475734841,1
0.3946883765397531,0.9398957057079808,0
0.6278003656097284,-0.5494955108488219,1
-0.6239246448003893,0.8683353084927423,0
-1.0134947075897087,-0.3587149866410404,0
0.2337018047707277,-0.6775393870271665,1
0.6340310334725082,0.8487842031223859,0
-0.8653620687298511,-0.5267717056502459,0
-0.12486142495981802,1.0286295795049534,0
-0.8547649477640821,-0.5837214101541219,0
0.656745954691472,-0.8316782703607527,0
-0.5118722296900726,-0.8770664252035043,0
-0.26319445208956466,0.9012745316039281,0
0.5709187869254247,-0.784528688642598,0
0.4324207903635066,0.7368148434001197,1
-0.16279219559576089,1.003381838998931,0
0.7826435281942545,-0.5697014230212906,0
-0.44551712985471137,0.9114110244341564,0
0.885204140742094,0.30015561808518865,0
-0.8020318166234601,-0.23995944736931085,1
-0.7498920605257824,0.6919902118457902,0
0.12023223022792233,-1.0667369090929557,0
-0.1202282518156414,-0.8233900822465223,1
-0.48335844381151827,0.8525578256571255,0
-0.6628970583612931,0.4285839106914022,1
-0.20662340868308088,1.0054858648748617,0
-0.5891983094396214,0.8818477349902668,0
1.0255809505734217,0.10530651119200742,0
-0.8237775357454469,0.038414678769000725,1
0.9026320311539827,-0.2906027383536033,0
0.5561015018767905,0.859643824427271,0
0.34315022403175843,-0.7153367802207942,1
-0.5733773022065806,-0.5593495956648579,1
-0.8654078629450298,0.13521857490113254,0
-0.2812105389003545,0.9950678177739032,0
-0.8174246654343928,-0.39970072196306206,1
-0.9984406975488919,0.15009431721260233,0
-0.9043886023726765,0.3708239736069674,0
0.3636947139266946,-0.6911525541623637,1
0.6555864397403638,0.01466346570667515,1
-0.07368622562873534,0.9564695144514889,0
0.8206973966357387,-0.16439151790751916,1
-0.8122174870940642,-0.21677374204249988,1
-0.7189804436768359,0.7258357796112892,0
0.8420013032982085,0.47218078373333233,0
-0.6411310520513683,0.4668152511716516,1
0.22712959564006072,0.945871699230496,0
0.3594909085618059,0.6786365552522908,1
0.6857275796922249,0.6926777240324027,0
0.3931009019394487,-0.8153423824483677,0
0.6937425034242691,-0.6764598918008533,0
-0.8033322613573284,-0.020812485326488106,1
0.7740761834058411,-0.0887042388447401,1
1.015255010169693,0.2812090801139735,0
0.9591733481072197,-0.3647965156740523,0
0.7043384574528477,0.3678474604805287,1
0.7204835251510763,0.30306361997894143,1
0.11343596854912603,0.7570848782615591,1
-0.6045117272987024,0.461713197845615,1
0.4286186747939055,-0.6428005377544826,1
-0.5463911165047235,-0.7908134933204612,0
0.7419139871253648,0.5959005574246912,0
0.8553177734053813,0.027135690303069622,1
0.6687491924301617,0.13752069640529205,1
0.3849204169793915,-0.7892810158312121,1
-0.7258172708389565,-0.2934685833057934,1
-0.9274480118022878,-0.23106417725129547,0
-0.612766318269752,-0.6170890704916748,1
-0.7054624769855457,0.431470419430697,1
-0.4547402043521074,0.6641250612842503,1
-0.3977244436805721,-0.6460463622797143,1
0.7475968264908025,0.18783636838326725,1
0.7267239251722288,-0.6147253432459905,0
0.9789592076564777,0.31037719123362967,0
-0.7353107850473279,0.3451255751347223,1
0.9891161943537955,-0.23474812571647757,0
0.48514396794178277,0.6683416708312356,1
0.6169659952862365,-0.812337049008546,0
-0.06634844588644101,-0.9370602748800997,0
0.48105271875572897,0.8421207428103413,0
0.7344362011932465,0.6582606719756459,0
-0.16919535818650533,0.8333283847656128,1
-0.931671116546905,-0.20739399120141994,0
-0.9674565030842942,-0.4509024159106035,0
-0.17332233647225198,-1.028568293217407,0
-0.22875713443216417,-0.9041502844719574,0
0.8218265831833247,-0.5232450329499437,0
-0.8659529231498182,-0.25467934442356727,0
1.0259418072909343,0.17989704778043752,0
-0.6992725824872023,0.7722118507589957,0
-0.0600101545119933,-1.0066521170712248,0
0.03052263169456343,-0.861792003882334,1
0.013380099098878787,0.6962975853855242,1
-0.9140184072495015,0.34020451078432534,0
0.4700971338952127,0.6124579308230632,1
0.7543447157871255,-0.30272779569817204,1
-0.34274199753980505,0.7966370971368143,1
0.6906686489351026,0.44195635997388977,1
0.45342976219312375,0.6453390571519382,1
-0.01960279999467992,0.7889586709879284,1
-0.5534750390409752,0.8382894365452592,0
-0.43734303068150016,0.7261903642807975,1
-0.437501425759071,0.660341660977459,1
0.3806843517796032,0.6967506815492013,1
0.020530394927530185,-0.7708518257370646,1
0.2257947034626644,-1.0491236801101458,0
-0.4348576899173069,0.9243171297724335,0
-0.8846636850109514,0.07890174859858927,0
-0.18524392729455874,0.7988105183669388,1
0.19083533828469246,-0.7625143182065005,1
-0.4037070959503762,0.7258070183815153,1
-0.031118909749540336,-0.9760955001686272,0
0.4358598141404369,-0.8948225984417874,0
0.6393277088422743,0.7552313297462674,0
0.214624712810854,0.9675111466836369,0
0.2792887772759097,0.6843670307005444,1
0.7418248456915322,-0.3042379489349371,1
0.16164923712481777,-1.0377984200541686,0
0.2747406595270324,1.038122171082861,0
0.06529746241059267,0.9351460166352341,0
0.4809137237201849,-0.9049406084193702,0
0.719985939705673,0.14250756411676907,1
0.886979503563946,-0.4975035086380242,0
0.32943312100310174,-0.8372461826871834,0
0.4869610514601871,0.8776958951319118,0
0.5682666213478023,-0.6450604844701786,1
0.4461715921614859,0.8576171448153256,0
-0.35999135599221865,-0.8970920878014483,0
0.7972438469315044,-0.15457734066979678,1
0.5301812572492353,-0.5756916997292427,1
0.6143559530105482,-0.5489308989219648,1
0.1677124323851812,0.8162590337010258,1
0.3127467935235251,0.801805908979828,1
0.1958135498484889,0.7551881887195682,1
0.42717038566366194,0.9591789293366544,0
0.8517832825509788,0.17783712266611118,0
0.2392517168578869,-1.0096837615498575,0
0.6900299078820469,0.31556300378932856,1
0.8815296351979863,0.4461664326718974,0
0.8734158090034585,0.5324611049454144,0
-0.4533040575507873,-0.8913625485033984,0
-0.521103810974651,0.8770065658276593,0
1.0566599391501694,-0.052901376728524914,0
0.06998490050623458,-0.8968049511868759,1
0.21304692888351934,0.7684193033398103,1
-0.868268345112885,-0.11898497076068208,1
0.2826281511626505,0.9896284658909448,0
0.5031067409921544,-0.793052066762757,0
-0.5662114157326943,0.7765411717151709,0
0.7440009995318209,-0.6269673974415156,0
0.48312178891221935,-0.8006587656074885,0
-0.10580306623017233,-0.8010035905008716,1
0.0805652759886285,-0.815829589906861,1
-0.653503324946825,0.6083653488181718,1
-0.5629214483489822,0.8328958579541361,0
0.26642881127336493,-1.0234762790460923,0
0.3694580864436706,-0.7481960923302087,1
-0.6683471796574885,-0.40547637645511936,1
0.6522265804709223,-0.43002573124921745,1
-0.5225151237757438,0.5789548391221141,1
0.05834764331835822,-1.0410925264676418,0
0.6656040430364429,-0.3417344642331258,1
-0.8262407369736509,-0.010753808819561509,1
-0.991051394758697,-0.1444025161253405,0
0.6223675348587009,0.3163318517604038,1
-0.4693998052114001,-0.8719401271480931,0
1.017407579186242,0.19221880933368046,0
-0.6033824476309793,-0.8317675986171328,0
-0.7517304740919055,-0.12624837881700798,1
-0.9942538335186751,0.3729956990439222,0
-0.6943492268233831,0.899201851499955,0
0.7858141678825119,-0.15221038212139967,1
0.9216066803599166,0.2571886933052479,0
-0.2578368528678419,-0.9987234822981061,0
-0.36253378566314187,0.6736682018243565,1
-0.0891433857260117,-0.6544923501173732,1
-0.4405563535724004,-0.8972112767871882,0
0.6660300644277201,-0.6718672703817717,0
0.637121198644792,0.43687314046309694,1
-0.46621558658989404,-0.6940379311258799,1
-0.8530149101485069,0.6573760809531879,0
0.0382607054103976,0.7467027413464374,1
0.3558356616597434,0.9239203527602147,0
0.6666142374672839,0.535660150765954,1
0.6242237238535541,0.7513072902409675,0
-0.0012720970588547612,0.8295554385844456,1
-0.945557656268231,-0.43989738361463243,0
-0.24572658574463607,-0.7784800128332702,1
0.6030264064930162,-0.7327634297903588,0
-0.3626665933847468,0.9643046327003717,0
0.6036588490290276,0.8074210696427794,0
-0.7779187001764046,0.16215898726574213,1
0.7826296551166857,-0.5836271222190618,0
-0.7602080142792591,0.7023801009807725,0
-0.9134622010465433,-0.23557030162906187,0
-0.9190906897116697,0.14661594248355914,0
0.8951475217881248,-0.1526045749970991,0
0.11849025560253917,1.063372114704934,0
0.6628083913242323,-0.4984314234517422,1
0.829190906498853,0.11058939838627369,1
-0.5311839323999394,-0.6413275346309124,1
0.3806291379760161,0.7609028200394241,1
0.029124327074615586,0.9785332598514785,0
0.09957904297256041,1.0177825849257385,0
0.9156651661674269,-0.35860539801963637,0
-0.5885019927700106,0.5633138417602105,1
0.7442749470696334,0.5984262827002745,0
-0.1569706670487469,-0.7807377915456764,1
0.36828262106532417,-0.7030112324382436,1
-0.04926204099814484,-0.9968683723334915,0
-0.9612740705445615,-0.22652210209082455,0
0.8949647141886137,0.6180114482951442,0
-0.3803941739262115,-0.9598609020998569,0
-0.768877018198754,0.6240782541479735,0
0.8895829649295965,0.0011449319978050765,1
-0.43445046459115055,-0.666324886757587,1
-0.7741027406810547,0.15522809315789177,1
-0.8962921362679085,-0.14509790640714307,0
0.7390683045424039,-0.7543495770684616,0
-0.47849815274115404,0.7125120913663174,1
-0.7830207575448326,-0.7396938562166758,0
-0.4392937006029067,-0.860471543739356,0
0.7553756352760973,-0.37349450962016434,1
-0.3253058203969891,0.9343291117915221,0
-0.020569648709793956,0.898437350816837,0
-0.681344646222104,-0.28683961548629183,1
0.7330945471767104,0.6499778989217888,0
-0.2781030955871859,-0.9007710541776922,0
0.48824175997020663,-0.6284150893103367,1
-0.19338537757294397,0.9377648073114295,0
0.9895101931046525,-0.4241935845884171,0
0.2769382443512011,-0.9286513108644846,0
-0.025459762024273143,0.8388765620407472,1
-0.5686306810894917,-0.7198859427230975,0
0.8748259672307429,0.24279134550469256,0
-0.5385763633517195,-0.6061036888379224,1
-0.664864814673647,-0.3520299001994067,1
-0.6573574109362589,-0.49109786066039335,1
0.40500855651369966,-0.8877127579298068,0
0.6667575200327543,0.366213378690595,1
-0.035011512083165545,0.6845718223659647,1
0.895177870139932,0.5146097409595534,0
-0.5751384115792191,0.8058446911777402,0
-1.0074034344310152,0.015662249957159854,0
-0.45659353838031563,-0.6433924959434281,1
-0.4246596729486401,0.7286680764460572,1
-0.7891908135915839,-0.024346483655145208,1
-0.12517255026009588,-0.8081522704873043,1
-0.3234428494039032,0.9150051065940134,0
-0.8768656999603217,-0.48067178362186086,0
0.18248021882274432,0.7714106684963253,1
0.4233847666544996,0.5951406366337143,1
-0.8772257375949971,0.10924265895627491,1
1.0297736533736392,0.16880954885101432,0
-0.0037144473196625907,1.0446409749676746,0
-0.5727361519652449,-0.7755658904380371,0
-0.9613114946501967,-0.09525708512533305,0
-0.308942810186928,0.7128303075531576,1
0.6828348025638288,-0.3478894437472647,1
-0.711592108613508,0.7427225443264378,0
0.13859100992924864,1.0242112280625555,0
0.12294926656126218,0.9292657667008547,1
0.09869757745535086,0.7429086929898803,1
-0.5637211871242858,0.7529125890331155,0
-0.7572768279907907,-0.586404506869377,0
-0.6896289283556062,-0.1459378292519709,1
-0.649419131424895,0.45514295376081537,1
-0.8051133725726917,0.3053991477974565,1
-0.5959125840344038,0.5846829805638855,1
0.7594759145575105,-0.3288109017769018,1
0.8030262118401498,0.17677264631795525,1
0.8578379905776856,-0.12921080167904864,1
0.9588721217059533,0.5411789140829324,0
0.3262239621945119,-0.7373026090838515,1
-0.41335310238879114,0.8098443015467419,0
-0.24864299661202585,-0.8672843721191141,1
-0.5237926795049805,0.7755250254186126,0
0.9351384212298258,0.16623947077277945,0
0.7821223886666587,0.11057564529466232,1
0.877756576782081,0.5383924444513788,0
0.7714704607764082,-0.14858614130942202,1
0.602042437075291,-0.5566621741895323,1
0.7468722179865361,0.14018847439756327,1
0.6145150609222717,-0.4403820879672166,1
0.9737603680606008,-0.35680084821074415,0
-0.9161690729092208,-0.3490991200816623,0
-0.7561410705028339,0.2804540948491838,1
-0.04878096230117262,-0.8926469535078603,1
-0.9094890529419908,0.29994307789598773,0
0.9856993830949154,0.39750979703618294,0
0.7160848162792308,-0.4642340934593549,1
0.7098933530317271,-0.7422743204671312,0
0.6176569774436641,-0.44491740461768303,1
-0.17940498484054626,-1.1009190066510863,0
-1.0097890336196427,0.2454974488555284,0
0.9699113490428599,0.42383634359646394,0
0.7494578465242795,-0.34903884495016124,1
0.048754217310166305,-0.9420662249306182,0
0.9838859620964541,-0.4664782719926688,0
0.7425291404589838,-0.2843782185648329,1
-0.22813666737049149,-0.7290153967450314,1
-0.6671048818194395,0.39987626705108903,1
-0.4163553340439401,-0.7603632479804203,1
-0.6285370173295284,0.6227734027649107,0
-0.3066427163364545,-0.7356728430301651,1
-0.06745923211357788,-0.7280029210497141,1
0.8229805032978105,0.07243222185929521,1
0.832072622209666,-0.34109695102054666,1
-0.47585397125438295,-0.7301916673792587,1
0.42382699806271606,0.7416935530249719,1
0.762588896280008,-0.2886643358343011,1
-0.5393486125232683,0.859182082789443,0
0.23054226692782814,-0.6736306486306569,1
-0.25353721987870015,0.9819688722548835,0
-0.6905928901836786,-0.40422286176522554,1
0.7842441418132775,-0.1310039212782277,1
-0.846641595473202,-0.07174024740304252,1
0.17750198499951136,0.9764971239466157,0
-1.0254979656551944,0.357707402036317,0
-0.5767588377392705,0.5264322830255468,1
0.3284670536164634,0.9028573621727594,0
0.4649498375555436,-0.7739036677122046,0
0.6197440224388127,-0.8740992827272618,0
-0.8022985003958573,-0.05733323572604508,1
0.3768377732444357,0.6820477179614028,1
-0.7489276107123511,-0.2740367227678802,1
-0.5004077670920928,0.6463861523950218,1
-0.014862265560976168,0.9794095360549495,0
0.7816167285907689,0.6293087343433882,0
-0.3089647827890491,0.992294442531587,0
0.2676595972108512,-1.0130477091513888,0
0.6428584910402575,-0.6118872556492225,1
-0.8483616455884027,0.4554248868020116,0
-0.2436844165250711,0.7447155584831229,1
-0.32405673445541505,-0.6747994340357375,1
-0.8440914961188787,-0.16385095300099628,1
0.9318782752985447,0.05710975353376524,0
-0.6003453241205137,-0.5005710110026792,1
0.9474763358347482,0.34587956430589595,0
0.8149394483052629,-0.6226771756862965,0
-0.2670192424201727,0.8743868230021474,1
-0.9846963845405885,0.007283065887477562,0
-0.6882538685285664,-0.5614917009315965,0
-0.8213852892691632,-0.023596149784681178,1
0.5006458755565178,0.5943845520426845,1
-0.05612198797628869,0.8117936012911134,1
-0.7663271833262952,0.26787244377266917,1
0.14167983096968473,-0.7698779724589251,1
-1.0219260154724248,-0.10656711758608402,0
0.14367416185907314,0.7272002201403139,1
-0.8312694902790706,-0.5373494716099378,0
0.48346760153601104,-0.8299963906601596,0
-0.381419812976982,0.9089193867944064,0
-0.6785197924610588,-0.4039273373952438,1
-0.13788148920206933,0.6648425382123629,1
0.27581577579586525,-0.8011373942012312,1
0.706911408499372,0.45338331055480396,1
0.13096715898425487,-0.7177731582400574,1
1.0469420456983334,-0.16044833810501802,0
-0.2797146517870099,1.0122059995952501,0
-0.14417928607563185,0.9749957725532259,0
-0.6459680066835192,0.2824289216267319,1
0.565242787431046,-0.5548962206967938,1
-0.8128671657499597,0.07287832858262833,1
-0.2742310053672597,0.7015069296858437,1
-0.3775370401567563,-0.9771885109828194,0
0.8670607572299933,-0.40555236085874813,0
-0.5620331186286639,-0.7732340821370528,0
-0.672584315257901,0.6906170167755747,0
0.059985238238751154,1.058806880613565,0
-0.18913638760789464,-0.7471393419375763,1
0.1312529626091098,0.7924053528032787,1
-0.2652828274218163,0.9733254798825469,0
0.6091254017930023,-0.48452648145821353,1
-0.7958408166339704,0.5904376294989848,0
0.1651073440852343,0.7771456129516416,1
-0.9328194030961041,-0.325981506595414,0
-0.8806901039766938,-0.5254117243637496,0
0.38176805551310544,-0.9509023099539023,0
0.028729658938665033,1.0034151076067486,0
-0.6740800860847281,0.710462530776521,0
-0.8734340894874135,0.5290973821192562,0
0.7551816365478249,-0.7341452325347696,0
-1.0064831866978312,0.08528113243641453,0
0.4678341155611668,-0.8446386143016807,0
0.4482289524808221,-0.6100269385659776,1
-0.7818849957530255,-0.14874811551367143,1
0.221177341525497,-0.6799061331460262,1
-0.42813658652994313,-0.6842934877719675,1
0.12057868542897233,-0.7407359195997972,1
0.05913012328894063,0.9342187323788756,0
-0.15262616536023066,0.8003760204822837,1
0.2775518786453471,-0.9038814054950765,0
-0.6859161454401436,-0.3035280109948755,1
-0.763037441359095,-0.130466470833395,1
-0.8436110746663942,0.15316846143570734,1
0.3307237450606795,-0.6660133424225771,1
-1.0167442650597798,0.37837490224215203,0
-0.14300605005802827,0.7365094351587088,1
0.3540934376702943,-0.7002763949664855,1
-0.7519925324545662,-0.07174753778402275,1
-0.6528765058278927,-0.4613653807035383,1
0.40649093397304487,-0.7196725374280023,1
0.04648707176752784,0.7755269855014406,1
0.04131824486025638,-0.8331228542120386,1
-0.8016714891428321,-0.05301800358200685,1
0.1264772471259506,-0.9526587595927188,0
0.7477097057840492,-0.17662974821961197,1
0.8733279786211492,0.023880294777097952,1
-0.951155939505793,-0.2528273092271066,0
-0.5080694223159188,-0.6065354773436453,1
0.6847437665035493,-0.6224085809445085,0
1.0089021037844712,-0.06447846996339851,0
0.14073167398270375,0.9936747926961799,0
-0.5696142430108248,0.5340174571789064,1
-1.1161528513253876,0.22511529676150518,0
-0.132335547502835,-0.808199748490945,1
0.10918839590602285,0.7087966164752884,1
-0.37535938628998883,0.654017832986494,1
-0.04496320343443287,-0.9755579868418705,0
0.7587758601781167,-0.08400889301260894,1
-0.33597613660723125,-0.7139366674975836,1
-0.9287210569993505,0.2921197712024003,0
-0.7609619487556977,-0.36152160844399034,1
-0.4145943926813394,0.6817567030993359,1
-0.6122530706508288,-0.8143763726021656,0
-0.15061542227977992,0.7287470540496606,1
0.4353939404721674,-0.9122381963456081,0
0.1840912681485778,-0.8374442193849508,1
-0.7833394095672654,0.400132793541332,1
-0.28827306443372763,-1.0339589033225376,0
-1.0058528108912113,-0.23230213986421017,0
-0.7587781346062912,-0.06023296393299433,1
-0.023972695921308573,0.8004983127563544,1
-0.04337787123150411,0.7948228471950434,1
-0.8193364491742083,-0.38055782275877753,0
0.06524665984553554,-1.0360941846473306,0
0.11889422518295495,-0.916232805768562,0
-0.9589830612292264,0.3305553480169708,0
0.713519391813524,-0.4826119692001321,1
-0.6630006613162036,-0.5634685372247071,1
0.9881673161217743,-0.4122152114191153,0
-0.31113192831064973,-0.9048855382868973,0
0.6847465697868521,0.003417984003112086,1
-0.15980988621680403,0.7786702676116025,1
0.7521920421278954,-0.16995987233501586,1
0.5778618350313722,-0.6344087023022404,1
0.25974745914025565,-0.7458796625562285,1
0.08711598607540338,0.8003084390440517,1
-0.20923828927328222,-0.8073673623364276,1
-0.662137287982675,-0.5241781097965356,1
-0.18201117969134706,0.7251575242828155,1
-0.26546604179708927,-0.6768134161839482,1
0.6262393766998183,0.49916549280969863,1
0.6211149807021905,-0.3326462866296291,1
0.3953142767714595,0.7012541798265294,1
-0.6435364473718878,-0.4404998661314004,1
0.4686047339126814,0.7845211163418125,0
-0.9784477669406692,0.13135803147100522,0
-0.6896463247256586,0.4785531644392291,1
-0.41248248524283665,0.9393346020824741,0
0.7640817896034738,0.15631729756354873,1
0.8783301639928951,0.43701058083452365,0
0.7431217611370788,0.35452110881165994,1
-0.42644430125149546,0.749604272060167,0
-0.31331451172349567,0.743311473790651,1
0.13986759349093691,-0.8474369170736926,1
-0.15702352137191553,-0.7610667956635656,1
-0.273316266240536,-0.7343948929601736,1
0.5887651882367568,-0.5985129167609838,1
-0.817646492357167,0.1774584170081159,1
0.3762617734269977,0.9318454385175439,0
0.589555389238331,0.5401712394949275,1
-0.9907806484589511,0.15393787248455015,0
-0.8002053045101579,0.018123175460667044,1
0.43024956796323827,0.6827962041106697,1
-0.5135512937900008,0.6064018401341533,1
0.8879144775309653,-0.5419103042025499,0
0.6287131678706518,0.5724004470697885,1
0.1610341511787309,-0.7997226315004881,1
-0.8195632201526312,0.4617048696305154,0
0.17722354102964438,-1.0314776931193097,0
-0.6573169945183318,-0.38443452898303204,1
0.26526063415740725,-1.0056741554230642,0
-0.7848714965841289,-0.1840969789452162,1
-0.3060641708530762,-0.7374427444488295,1
-0.9531407837468512,0.3245889490654581,0
0.9315312330878581,-0.02991870516102793,0
-0.7672459024004515,-0.17189633685069677,1
-0.1645796832122356,0.8112010814785519,1
0.5617510318384165,-0.6523831677948745,1
0.1504336060178277,0.7103679799960005,1
-0.7219859084771636,0.057938909385697845,1
0.6345183760816916,0.4072300017007607,1
-0.8371587628722335,0.24884237437038612,1
-0.5221143005373272,0.5872822327902683,1
0.25580716292143285,1.04215984763545,0
-0.5953083014285363,-0.3704419868500627,1
-0.8070728932082154,0.2759095213848297,1
0.5253079325253925,0.6206635637634002,1
0.4503316405747627,-0.9453477072151468,0
0.7817027804554096,-0.15346741824224916,1
0.8510473018829445,0.4906001209040676,0
0.8926957875810948,0.34006268489995106,0
-0.7657747309312027,-0.262935491459729,1
-0.34913553516830814,-0.6840421367278067,1
-0.7457355175956658,0.5693454554585815,0
-0.13678474697428739,1.0414976932031088,0
0.9948429003298609,0.36984908792813903,0
0.0026234752864835106,-0.7772886294675371,1
-0.9631096309262667,0.301316334232338,0
0.9618178212197639,-0.2211208052421335,0
-0.7351102972498551,-0.3462799675767153,1
0.001114512475118172,-1.050449248206504,0
-0.939633182358832,-0.49703143416924256,0
0.5753082122690879,-0.8164988852433337,0
-0.47464469683743954,0.7097525741666996,1
0.14659512275608805,-1.0397692216716048,0
0.3655049815332597,0.7611750995628663,1
0.9766710192041338,-0.08190314012824358,0
-0.08965057144298656,0.9006808166604772,0
0.6816143804421073,0.714078796174744,0
1.0244371828781844,-0.33725686810958944,0
-0.1943463157631953,0.7411529522614624,1
-0.00926617140620466,1.0045549386845436,0
0.6844684087764366,-0.1979865225869727,1
0.8233861983952474,0.23912016217294196,1
-0.35704017658873544,-0.7628819834784935,1
0.5950499724865924,-0.35981120822711765,1
0.7477504087998474,0.770085648342061,0
-0.5284248995977356,-0.5658305247665492,1
1.0389375432307801,0.2212311501680712,0
-0.40091077355787913,0.9589071076652504,0
0.849508722773399,0.5087548856825614,0
0.9299951847662469,-0.16147230528486117,0
0.10315467052696517,-0.9518589504957792,0
-0.6709693927700575,0.715934118261927,0
-0.9089124769175019,-0.1338535290662313,1
-0.8873968123255038,0.3876389186153043,0
-0.7317717133760324,-0.32196085383094886,1
0.7909759490782547,0.6306700561767244,0
0.068858719216916,-0.8495034319377254,1
-0.449919489485778,-0.8221542240896796,0
-0.708786192261654,0.02210089621540442,1
-0.7519589428349203,0.3172744798243175,1
-0.7454967916444195,0.32609279115232515,1
-0.8941475099603683,-0.5498204492872979,0
-0.7089284669175727,0.41145341844793526,1
-0.9810923434468599,0.027926852198498733,0
-0.7963612204845018,0.27623800471039245,1
0.9378701592915517,-0.373968632243663,0
0.8478152679440677,-0.567815021351203,0
0.7488659687045193,-0.09528511443981016,1
-0.4851486496727706,-0.6589296690849118,1
-0.0692223078733467,-0.832770806828902,1
-1.005892042807644,-0.24407676977422377,0
-0.8515219781955095,0.6241716911702464,0
-0.34644856905179433,0.8665336436887141,0
0.5947987022624001,0.501773151434757,1
-0.7452524728919873,0.20099899108412483,1
0.3903064803598392,-0.8897671091666479,0
-0.7180991957824969,0.4798635675801466,1
1.0308815066121182,-0.3217806288653792,0
-0.516866332622238,-0.6491716911462666,1
-0.7976590918427944,-0.2920957826274699,1
0.1822741395916022,0.9724568470654926,0
0.6233175834755899,0.5525068613112152,1
0.14288519382784853,-0.8994882810081686,0
0.9445081711130168,-0.0704961182519685,0
0.5206942040322045,-0.6023677657071466,1
0.6922488439945086,-0.18581869407323515,1
0.6236695374034023,0.4906249059645028,1
0.540205705926676,0.8641247092833537,0
-0.8484971392657298,0.5451114244660497,0
0.9199723338147562,0.37373918314736254,0
-0.6859160844355295,-0.18482575379614705,1
0.8554563834470986,0.13097315890816508,1
0.5291813242229542,-0.7476872797572369,0
0.8703081114196173,-0.6232205274814581,0
-0.12360190263098583,-0.979771638053744,0
0.4975914358995158,0.9463421635797087,0
-0.48034405301484756,-0.814635828643773,0
0.22055053654955495,-0.7824141941140234,1
0.5385667348208034,0.4950694580091689,1
-0.37361302787548495,-0.9049022230229685,0
-0.7769478103720563,-0.2357322639833897,1
-1.0368308640657173,0.10580998915960044,0
1.0025129605382996,0.1721202090480546,0
-0.764820360414641,-0.750918924964973,0
0.3310867420155883,0.736222909319597,1
0.15101596632634923,-0.9929895322653611,0
-0.8801098010713932,-0.2205008563602427,0
-0.452350791557351,0.821521639000899,0
-0.32266428079245435,-0.695464554819059,1
0.7610305718052375,-0.12381522717335652,1
-0.12342249767156602,0.7572651454557727,1
-0.4445197636568077,-0.5535464168141564,1
1.000248891503013,-0.17708340869643296,0
0.7048455508863666,-0.18861317074016276,1
0.8698405859338953,0.0742624297030961,1
-0.4124228696158157,-0.5951987256449022,1
-1.0053856452762127,0.056873412799658934,0
0.5479578423007325,0.628333862292119,1
-0.0858897047904132,-0.7857565678254792,1
0.6097457925442438,0.5486378945742363,1
-0.499574406335112,0.6083065530308789,1
-0.613239868962353,0.6561231609337441,0
-0.6946499853678918,-0.36396512885963234,1
-0.7220219104605377,0.3765474443051213,1
0.9779727174149999,-0.2998045986777425,0
-0.5415973221236433,0.5212787921116776,1
0.7591724297446485,0.10047123723521623,1
0.785599613763837,0.6651850799218704,0
0.9597013221300084,-0.33975022885591577,0
0.670636112063487,0.4967252025265396,1
-0.22416110848323578,-0.8019232900314149,1
-0.7722963582136353,-0.021790843353396403,1
-0.9928982597559,-0.016884588272009705,0
0.9306637402966049,0.2773404793377398,0
-0.7530406647357208,-0.7673893843323726,0
0.8751640424955976,-0.5757151208221948,0
-0.5330194266925846,0.9314687175058595,0
-0.8946498078651859,-0.34428376574183595,0
0.6420588077967238,-0.37838467468446907,1
-0.7947900282581198,0.6071641768849667,0
0.1607150547497286,-0.9916627919888625,0
-0.5631667572561196,-0.6169524857378508,1
0.38954616106556,-0.8874198458213366,0
1.0144949954441977,-0.07050653048900818,0
-0.3826327783967635,-0.911999089597942,0
-0.7967754634832491,-0.10965395237375397,1
-0.8010923181977069,-0.6480608598064548,0
-0.3990830550501475,0.7462631285433473,1
-0.11464139799870172,1.0352175133532944,0
-0.3620586411559644,0.7977411177137698,1
-0.05424643690739471,-0.7777412594724368,1
0.28196079578417393,0.9327036546726796,0
-0.03240270869771651,-1.075650468764158,0
0.38869866391224916,0.9181294138053269,0
0.8566190761162512,-0.5332695282881621,0
-0.5726761039998342,-0.8792523652881999,0
-0.8937777158159597,0.4593675598567424,0
0.8055006092037343,-0.34373387815478984,0
0.11732935632686924,0.8822042184286725,0
0.16452856736385024,0.8451300831238732,1
0.9686054358380083,0.18383145607061097,0
-0.5964521909167043,0.45816664851911104,1
0.6551353034816483,0.8894223651651124,0
0.24909083455490572,0.9257874983287457,0
-0.9853697108746171,-0.2881621551769044,0
-0.12823056579615358,-0.8261331785204413,1
0.6609045348112065,-0.7931901461417915,0
0.278414912194019,0.9673595286824783,0
